city,lat,lng,country,iso2,admin_name,capital,population,population_proper,source
Sydney,-33.8678,151.21,Australia,AU,New South Wales,admin,4840600,4840600,https://simplemaps.com/data/au-cities
Melbourne,-37.8142,144.9631,Australia,AU,Victoria,admin,4529500,4529500,https://simplemaps.com/data/au-cities
Brisbane,-27.4678,153.0281,Australia,AU,Queensland,admin,2360241,2360241,https://simplemaps.com/data/au-cities
Perth,-31.9559,115.8606,Australia,AU,Western Australia,admin,2141834,2141834,https://simplemaps.com/data/au-cities
Adelaide,-34.9275,138.6,Australia,AU,South Australia,admin,1295714,1295714,https://simplemaps.com/data/au-cities
Gold Coast,-28.0167,153.4,Australia,AU,Queensland,,638090,638090,https://simplemaps.com/data/au-cities
Cranbourne,-38.0996,145.2834,Australia,AU,Victoria,,460491,460491,https://simplemaps.com/data/au-cities
Canberra,-35.2931,149.1269,Australia,AU,Australian Capital Territory,primary,381488,381488,https://simplemaps.com/data/au-cities
Central Coast,-33.3,151.2,Australia,AU,New South Wales,,346596,346596,https://simplemaps.com/data/au-cities
Wollongong,-34.4331,150.8831,Australia,AU,New South Wales,,261896,261896,https://simplemaps.com/data/au-cities
Hobart,-42.8806,147.325,Australia,AU,Tasmania,admin,222356,222356,https://simplemaps.com/data/au-cities
Geelong,-38.15,144.35,Australia,AU,Victoria,,184182,184182,https://simplemaps.com/data/au-cities
Townsville,-19.25,146.8167,Australia,AU,Queensland,,178649,173724,https://simplemaps.com/data/au-cities
Ipswich,-27.6167,152.7667,Australia,AU,Queensland,,163000,163000,https://simplemaps.com/data/au-cities
Newcastle,-32.9167,151.75,Australia,AU,New South Wales,,152984,152984,https://simplemaps.com/data/au-cities
Cairns,-16.92,145.78,Australia,AU,Queensland,,146778,146778,https://simplemaps.com/data/au-cities
Darwin,-12.4381,130.8411,Australia,AU,Northern Territory,admin,136828,136828,https://simplemaps.com/data/au-cities
Toowoomba,-27.5667,151.95,Australia,AU,Queensland,,135631,108398,https://simplemaps.com/data/au-cities
Launceston,-41.4419,147.145,Australia,AU,Tasmania,,106153,106153,https://simplemaps.com/data/au-cities
Ballarat,-37.5608,143.8475,Australia,AU,Victoria,,98543,98543,https://simplemaps.com/data/au-cities
Bendigo,-36.75,144.2667,Australia,AU,Victoria,,95587,95587,https://simplemaps.com/data/au-cities
Mackay,-21.1411,149.1858,Australia,AU,Queensland,,72900,72900,https://simplemaps.com/data/au-cities
Wagga Wagga,-35.1189,147.3689,Australia,AU,New South Wales,,67364,67364,https://simplemaps.com/data/au-cities
Hervey Bay,-25.29,152.84,Australia,AU,Queensland,,54674,54674,https://simplemaps.com/data/au-cities
Pakenham,-38.0712,145.4878,Australia,AU,Victoria,,46421,46421,https://simplemaps.com/data/au-cities
Port Macquarie,-31.4333,152.9,Australia,AU,New South Wales,,44830,44830,https://simplemaps.com/data/au-cities
Caloundra,-26.7986,153.1289,Australia,AU,Queensland,,41293,41293,https://simplemaps.com/data/au-cities
Frankston,-38.158,145.135,Australia,AU,Victoria,,36097,36097,https://simplemaps.com/data/au-cities
Sunbury,-37.5811,144.7139,Australia,AU,Victoria,,36084,36084,https://simplemaps.com/data/au-cities
Gladstone,-23.8427,151.2555,Australia,AU,Queensland,,34703,34703,https://simplemaps.com/data/au-cities
Bathurst,-33.42,149.5778,Australia,AU,New South Wales,,34303,34303,https://simplemaps.com/data/au-cities
Mildura,-34.1889,142.1583,Australia,AU,Victoria,,32738,32738,https://simplemaps.com/data/au-cities
Southport,-27.9667,153.4,Australia,AU,Queensland,,31908,31908,https://simplemaps.com/data/au-cities
Dandenong,-37.981,145.215,Australia,AU,Victoria,,29906,29906,https://simplemaps.com/data/au-cities
Warrnambool,-38.3833,142.4833,Australia,AU,Victoria,,29661,29661,https://simplemaps.com/data/au-cities
Burnie,-41.0636,145.8753,Australia,AU,Tasmania,,27174,19918,https://simplemaps.com/data/au-cities
Quakers Hill,-33.7344,150.8789,Australia,AU,New South Wales,,27080,27080,https://simplemaps.com/data/au-cities
Caboolture,-27.0667,152.967,Australia,AU,Queensland,,26433,26433,https://simplemaps.com/data/au-cities
Mount Gambier,-37.8294,140.7828,Australia,AU,South Australia,,25591,25591,https://simplemaps.com/data/au-cities
Traralgon,-38.1958,146.5403,Australia,AU,Victoria,,24933,24933,https://simplemaps.com/data/au-cities
Armidale,-30.5,151.65,Australia,AU,New South Wales,,23352,23352,https://simplemaps.com/data/au-cities
Whyalla,-33.0333,137.5667,Australia,AU,South Australia,,21501,21501,https://simplemaps.com/data/au-cities
Griffith,-34.29,146.04,Australia,AU,New South Wales,,18196,18196,https://simplemaps.com/data/au-cities
Mount Eliza,-38.189,145.092,Australia,AU,Victoria,,17888,17888,https://simplemaps.com/data/au-cities
Nerang,-27.9956,153.322,Australia,AU,Queensland,,16864,16864,https://simplemaps.com/data/au-cities
Lara,-38.0167,144.4167,Australia,AU,Victoria,,16355,16355,https://simplemaps.com/data/au-cities
Taree,-31.9,152.45,Australia,AU,New South Wales,,16197,16197,https://simplemaps.com/data/au-cities
Banora Point,-28.2225,153.5386,Australia,AU,New South Wales,,16167,16167,https://simplemaps.com/data/au-cities
Warragul,-38.15,145.9333,Australia,AU,Victoria,,15757,15757,https://simplemaps.com/data/au-cities
Cessnock,-32.8342,151.3555,Australia,AU,New South Wales,,15177,15177,https://simplemaps.com/data/au-cities
Horsham,-36.7167,142.2,Australia,AU,Victoria,,14543,14543,https://simplemaps.com/data/au-cities
Australind,-33.28,115.726,Australia,AU,Western Australia,,14539,14539,https://simplemaps.com/data/au-cities
Barwon Heads,-38.25,144.5167,Australia,AU,Victoria,,14165,14165,https://simplemaps.com/data/au-cities
Ulverstone,-41.1667,146.1667,Australia,AU,Tasmania,,14109,6653,https://simplemaps.com/data/au-cities
Echuca,-36.1333,144.75,Australia,AU,Victoria,,14043,14043,https://simplemaps.com/data/au-cities
Mount Barker,-35.0667,138.85,Australia,AU,South Australia,,13842,13842,https://simplemaps.com/data/au-cities
Morwell,-38.2333,146.4,Australia,AU,Victoria,,13771,13771,https://simplemaps.com/data/au-cities
Forster,-32.1806,152.5117,Australia,AU,New South Wales,,13740,13740,https://simplemaps.com/data/au-cities
Bongaree,-27.0813,153.1636,Australia,AU,Queensland,,13649,6947,https://simplemaps.com/data/au-cities
Penrith,-33.7511,150.6942,Australia,AU,New South Wales,,13295,13295,https://simplemaps.com/data/au-cities
Goonellabah,-28.8167,153.3167,Australia,AU,New South Wales,,12900,12900,https://simplemaps.com/data/au-cities
Leopold,-38.1892,144.4644,Australia,AU,Victoria,,12814,12814,https://simplemaps.com/data/au-cities
Campbelltown,-34.0733,150.8261,Australia,AU,New South Wales,,12566,12566,https://simplemaps.com/data/au-cities
Muswellbrook,-32.2654,150.8885,Australia,AU,New South Wales,,12075,12075,https://simplemaps.com/data/au-cities
Rutherford,-32.715,151.5317,Australia,AU,New South Wales,,11884,11884,https://simplemaps.com/data/au-cities
Inverell,-29.7667,151.1167,Australia,AU,New South Wales,,11660,11660,https://simplemaps.com/data/au-cities
Parkes,-33.133,148.176,Australia,AU,New South Wales,,11408,11324,https://simplemaps.com/data/au-cities
Nambour,-26.6269,152.9591,Australia,AU,Queensland,,11187,11187,https://simplemaps.com/data/au-cities
Mareeba,-16.9833,145.4167,Australia,AU,Queensland,,11079,11079,https://simplemaps.com/data/au-cities
Wallan,-37.4167,144.9833,Australia,AU,Victoria,,11074,11074,https://simplemaps.com/data/au-cities
Corinda,-27.4833,153.1,Australia,AU,Queensland,,11019,11019,https://simplemaps.com/data/au-cities
Casino,-28.8667,153.05,Australia,AU,New South Wales,,10914,10914,https://simplemaps.com/data/au-cities
Gympie,-26.19,152.6655,Australia,AU,Queensland,,10803,10803,https://simplemaps.com/data/au-cities
Kingston,-42.9769,147.3083,Australia,AU,Tasmania,,10409,10409,https://simplemaps.com/data/au-cities
Grafton,-29.6833,152.9333,Australia,AU,New South Wales,,10408,10408,https://simplemaps.com/data/au-cities
Bowral,-34.4792,150.4181,Australia,AU,New South Wales,,10335,10335,https://simplemaps.com/data/au-cities
Young,-34.3,148.3,Australia,AU,New South Wales,,10295,10295,https://simplemaps.com/data/au-cities
Cowra,-33.8183,148.6578,Australia,AU,New South Wales,,10063,10063,https://simplemaps.com/data/au-cities
Swan Hill,-35.3333,143.55,Australia,AU,Victoria,,9864,9864,https://simplemaps.com/data/au-cities
Mudgee,-32.6125,149.5872,Australia,AU,New South Wales,,9830,9830,https://simplemaps.com/data/au-cities
Mount Evelyn,-37.783,145.385,Australia,AU,Victoria,,9702,9702,https://simplemaps.com/data/au-cities
Andergrove,-21.0931,149.186,Australia,AU,Queensland,,9419,9419,https://simplemaps.com/data/au-cities
Moree,-29.465,149.8344,Australia,AU,New South Wales,,9311,8962,https://simplemaps.com/data/au-cities
Nowra,-34.8808,150.6075,Australia,AU,New South Wales,,9193,9193,https://simplemaps.com/data/au-cities
Colac,-38.3403,143.5847,Australia,AU,Victoria,,9048,9048,https://simplemaps.com/data/au-cities
Yanchep,-31.55,115.634,Australia,AU,Western Australia,,8859,8859,https://simplemaps.com/data/au-cities
Ballina,-28.8333,153.5333,Australia,AU,New South Wales,,8655,8655,https://simplemaps.com/data/au-cities
Leeton,-34.5667,146.4,Australia,AU,New South Wales,,8623,8623,https://simplemaps.com/data/au-cities
Moss Vale,-34.55,150.3833,Australia,AU,New South Wales,,8579,8579,https://simplemaps.com/data/au-cities
Springwood,-33.7036,150.55,Australia,AU,New South Wales,,8475,8423,https://simplemaps.com/data/au-cities
Emu Plains,-33.7483,150.6678,Australia,AU,New South Wales,,8421,8126,https://simplemaps.com/data/au-cities
Ararat,-37.2833,142.9167,Australia,AU,Victoria,,8297,8297,https://simplemaps.com/data/au-cities
Tweed Heads,-28.1833,153.55,Australia,AU,New South Wales,,8176,8176,https://simplemaps.com/data/au-cities
Charters Towers,-20.0765,146.2614,Australia,AU,Queensland,,8126,8040,https://simplemaps.com/data/au-cities
Katoomba,-33.715,150.312,Australia,AU,New South Wales,,7964,7964,https://simplemaps.com/data/au-cities
Mooroopna,-36.3833,145.35,Australia,AU,Victoria,,7942,7942,https://simplemaps.com/data/au-cities
Maryborough,-37.05,143.735,Australia,AU,Victoria,,7921,7921,https://simplemaps.com/data/au-cities
Deniliquin,-35.5331,144.9667,Australia,AU,New South Wales,,7862,7432,https://simplemaps.com/data/au-cities
Mandurah,-32.5289,115.7231,Australia,AU,Western Australia,,7837,7837,https://simplemaps.com/data/au-cities
Bli Bli,-26.618,153.037,Australia,AU,Queensland,,7801,7801,https://simplemaps.com/data/au-cities
Narrabri,-30.3317,149.7678,Australia,AU,New South Wales,,7606,7327,https://simplemaps.com/data/au-cities
Clifton Springs,-38.15,144.5667,Australia,AU,Victoria,,7519,7519,https://simplemaps.com/data/au-cities
Bargara,-24.8205,152.4625,Australia,AU,Queensland,,7485,7485,https://simplemaps.com/data/au-cities
Kingscliff,-28.2617,153.5769,Australia,AU,New South Wales,,7464,7464,https://simplemaps.com/data/au-cities
Healesville,-37.6561,145.5139,Australia,AU,Victoria,,7461,7461,https://simplemaps.com/data/au-cities
Fremantle,-32.0542,115.7476,Australia,AU,Western Australia,,7459,7459,https://simplemaps.com/data/au-cities
Blaxland,-33.75,150.6167,Australia,AU,New South Wales,,7451,7434,https://simplemaps.com/data/au-cities
Kyabram,-36.3167,145.05,Australia,AU,Victoria,,7331,7331,https://simplemaps.com/data/au-cities
Sanctuary Point,-35.1036,150.6267,Australia,AU,New South Wales,,7225,7225,https://simplemaps.com/data/au-cities
Merrimac,-28.05,153.3667,Australia,AU,New South Wales,,7071,7071,https://simplemaps.com/data/au-cities
Murwillumbah,-28.3333,153.3833,Australia,AU,New South Wales,,7032,7032,https://simplemaps.com/data/au-cities
Urraween,-25.2955,152.8219,Australia,AU,Queensland,,6969,6969,https://simplemaps.com/data/au-cities
Kyneton,-37.247,144.455,Australia,AU,Victoria,,6951,6951,https://simplemaps.com/data/au-cities
Cootamundra,-34.6483,148.0344,Australia,AU,New South Wales,,6782,6782,https://simplemaps.com/data/au-cities
Castlemaine,-37.0636,144.2172,Australia,AU,Victoria,,6757,6757,https://simplemaps.com/data/au-cities
Bomaderry,-34.848,150.605,Australia,AU,New South Wales,,6661,6661,https://simplemaps.com/data/au-cities
Helensburgh,-34.1889,150.9811,Australia,AU,New South Wales,,6576,6576,https://simplemaps.com/data/au-cities
Port Augusta,-32.4925,137.7658,Australia,AU,South Australia,,6562,6562,https://simplemaps.com/data/au-cities
Yass,-34.8203,148.9136,Australia,AU,New South Wales,,6506,6506,https://simplemaps.com/data/au-cities
Strathalbyn,-35.2667,138.9,Australia,AU,South Australia,,6504,6504,https://simplemaps.com/data/au-cities
Burpengary,-27.1442,153,Australia,AU,Queensland,,6433,6433,https://simplemaps.com/data/au-cities
Waterford,-27.6906,153.1332,Australia,AU,Queensland,,6431,6431,https://simplemaps.com/data/au-cities
Lennox Head,-28.7983,153.5844,Australia,AU,New South Wales,,6407,6407,https://simplemaps.com/data/au-cities
Seymour,-37.03,145.13,Australia,AU,Victoria,,6327,6327,https://simplemaps.com/data/au-cities
Nambucca Heads,-30.6414,152.9906,Australia,AU,New South Wales,,6327,6327,https://simplemaps.com/data/au-cities
Nuriootpa,-34.4667,138.9833,Australia,AU,South Australia,,6314,6314,https://simplemaps.com/data/au-cities
Wauchope,-31.45,152.7333,Australia,AU,New South Wales,,6312,6312,https://simplemaps.com/data/au-cities
Tumut,-35.3039,148.2233,Australia,AU,New South Wales,,6230,6230,https://simplemaps.com/data/au-cities
Tuncurry,-32.175,152.4989,Australia,AU,New South Wales,,6186,6186,https://simplemaps.com/data/au-cities
Glen Innes,-29.7317,151.7511,Australia,AU,New South Wales,,6155,6155,https://simplemaps.com/data/au-cities
Yamba,-29.44,153.3594,Australia,AU,New South Wales,,6076,6076,https://simplemaps.com/data/au-cities
Lakes Entrance,-37.8667,147.9833,Australia,AU,Victoria,,6071,6071,https://simplemaps.com/data/au-cities
Kurri Kurri,-32.8167,151.4833,Australia,AU,New South Wales,,6044,6044,https://simplemaps.com/data/au-cities
Wynyard,-41,145.7167,Australia,AU,Tasmania,,6001,6001,https://simplemaps.com/data/au-cities
North Mackay,-21.1216,149.1783,Australia,AU,Queensland,,5933,5933,https://simplemaps.com/data/au-cities
Dromana,-38.338,144.965,Australia,AU,Victoria,,5803,5803,https://simplemaps.com/data/au-cities
Mittagong,-34.45,150.45,Australia,AU,New South Wales,,5767,5767,https://simplemaps.com/data/au-cities
Alstonville,-28.8317,153.4344,Australia,AU,New South Wales,,5739,5739,https://simplemaps.com/data/au-cities
Stawell,-37.05,142.7667,Australia,AU,Victoria,,5736,5736,https://simplemaps.com/data/au-cities
Cannonvale,-20.2787,148.6994,Australia,AU,Queensland,,5716,5716,https://simplemaps.com/data/au-cities
Point Vernon,-25.2538,152.8177,Australia,AU,Queensland,,5699,5699,https://simplemaps.com/data/au-cities
Leongatha,-38.4833,145.95,Australia,AU,Victoria,,5654,5654,https://simplemaps.com/data/au-cities
Scone,-32.0483,150.8678,Australia,AU,New South Wales,,5624,5624,https://simplemaps.com/data/au-cities
Whittlesea,-37.5139,145.114,Australia,AU,Victoria,,5611,5611,https://simplemaps.com/data/au-cities
Corowa,-35.9942,146.3844,Australia,AU,New South Wales,,5482,5482,https://simplemaps.com/data/au-cities
Richmond,-33.5983,150.7511,Australia,AU,New South Wales,,5482,5418,https://simplemaps.com/data/au-cities
Cooranbong,-33.074,151.451,Australia,AU,New South Wales,,5449,5449,https://simplemaps.com/data/au-cities
Inverloch,-38.6334,145.7278,Australia,AU,Victoria,,5437,5437,https://simplemaps.com/data/au-cities
New Norfolk,-42.7828,147.0594,Australia,AU,Tasmania,,5432,5432,https://simplemaps.com/data/au-cities
Wingham,-31.85,152.367,Australia,AU,New South Wales,,5374,5374,https://simplemaps.com/data/au-cities
Woolgoolga,-30.115,153.2011,Australia,AU,New South Wales,,5290,5290,https://simplemaps.com/data/au-cities
Maffra,-37.95,146.983,Australia,AU,Victoria,,5280,5280,https://simplemaps.com/data/au-cities
Lithgow,-33.4833,150.15,Australia,AU,New South Wales,,5201,4956,https://simplemaps.com/data/au-cities
Millicent,-37.5967,140.3524,Australia,AU,South Australia,,5109,5109,https://simplemaps.com/data/au-cities
Worragee,-34.9144,150.6386,Australia,AU,New South Wales,,5068,5068,https://simplemaps.com/data/au-cities
Tahmoor,-34.2233,150.5928,Australia,AU,New South Wales,,5067,5067,https://simplemaps.com/data/au-cities
Red Cliffs,-34.3075,142.1881,Australia,AU,Victoria,,5060,5060,https://simplemaps.com/data/au-cities
Glenbrook,-33.765,150.6267,Australia,AU,New South Wales,,5051,5051,https://simplemaps.com/data/au-cities
Nairne,-35.0333,138.9167,Australia,AU,South Australia,,5042,5042,https://simplemaps.com/data/au-cities
Kiama Downs,-34.6317,150.8511,Australia,AU,New South Wales,,5004,5004,https://simplemaps.com/data/au-cities
Hazelbrook,-33.725,150.4572,Australia,AU,New South Wales,,4974,4974,https://simplemaps.com/data/au-cities
Encounter Bay,-35.5742,138.6005,Australia,AU,South Australia,,4901,4901,https://simplemaps.com/data/au-cities
Boulder,-30.7819,121.4886,Australia,AU,Western Australia,,4825,4825,https://simplemaps.com/data/au-cities
Picton,-34.1817,150.6011,Australia,AU,New South Wales,,4816,4816,https://simplemaps.com/data/au-cities
Albury,-36.0806,146.9158,Australia,AU,New South Wales,,4804,4804,https://simplemaps.com/data/au-cities
Mansfield,-37.05,146.083,Australia,AU,Victoria,,4787,4787,https://simplemaps.com/data/au-cities
Churchill,-38.3167,146.417,Australia,AU,Victoria,,4783,4783,https://simplemaps.com/data/au-cities
Bucasia,-21.0311,149.1597,Australia,AU,Queensland,,4771,4771,https://simplemaps.com/data/au-cities
Temora,-34.4483,147.5344,Australia,AU,New South Wales,,4693,4693,https://simplemaps.com/data/au-cities
Renmark,-34.1741,140.7418,Australia,AU,South Australia,,4634,4634,https://simplemaps.com/data/au-cities
Tanunda,-34.5167,138.9667,Australia,AU,South Australia,,4588,4588,https://simplemaps.com/data/au-cities
Loxton,-34.4539,140.5669,Australia,AU,South Australia,,4568,4568,https://simplemaps.com/data/au-cities
Glenella,-21.1197,149.1542,Australia,AU,Queensland,,4519,4519,https://simplemaps.com/data/au-cities
Numurkah,-36.0833,145.4333,Australia,AU,Victoria,,4477,4477,https://simplemaps.com/data/au-cities
Korumburra,-38.4333,145.8167,Australia,AU,Victoria,,4469,4469,https://simplemaps.com/data/au-cities
Rasmussen,-19.3497,146.716,Australia,AU,Queensland,,4456,4456,https://simplemaps.com/data/au-cities
Tatura,-36.4401,145.233,Australia,AU,Victoria,,4448,4448,https://simplemaps.com/data/au-cities
Old Bar,-31.9667,152.583,Australia,AU,New South Wales,,4389,4389,https://simplemaps.com/data/au-cities
Narrandera,-34.7483,146.5511,Australia,AU,New South Wales,,4375,4369,https://simplemaps.com/data/au-cities
George Town,-41.1,146.8167,Australia,AU,Tasmania,,4347,4347,https://simplemaps.com/data/au-cities
Wyong,-33.282,151.418,Australia,AU,New South Wales,,4326,4326,https://simplemaps.com/data/au-cities
Broadford,-37.2,145.067,Australia,AU,Victoria,,4319,4319,https://simplemaps.com/data/au-cities
Drysdale,-38.1667,144.5667,Australia,AU,Victoria,,4275,4275,https://simplemaps.com/data/au-cities
Cockatoo,-37.935,145.492,Australia,AU,Victoria,,4256,4256,https://simplemaps.com/data/au-cities
Victor Harbor,-35.55,138.6167,Australia,AU,South Australia,,4233,4233,https://simplemaps.com/data/au-cities
Moama,-36.0983,144.7511,Australia,AU,New South Wales,,4198,4198,https://simplemaps.com/data/au-cities
Latrobe,-41.2464,146.4246,Australia,AU,Tasmania,,4169,4169,https://simplemaps.com/data/au-cities
Berri,-34.2833,140.6,Australia,AU,South Australia,,4088,4088,https://simplemaps.com/data/au-cities
Wellington,-32.5483,148.9344,Australia,AU,New South Wales,,4077,4077,https://simplemaps.com/data/au-cities
Thirlmere,-34.2,150.5667,Australia,AU,New South Wales,,4046,4046,https://simplemaps.com/data/au-cities
Legana,-41.3667,147.05,Australia,AU,Tasmania,,4029,4029,https://simplemaps.com/data/au-cities
The Entrance,-33.3472,151.496,Australia,AU,New South Wales,,4006,4006,https://simplemaps.com/data/au-cities
Cobar,-31.4997,145.8319,Australia,AU,New South Wales,,3990,3603,https://simplemaps.com/data/au-cities
Gerringong,-34.7483,150.8344,Australia,AU,New South Wales,,3966,3966,https://simplemaps.com/data/au-cities
Margate,-43.0294,147.2617,Australia,AU,Tasmania,,3920,3920,https://simplemaps.com/data/au-cities
Trafalgar,-38.2,146.15,Australia,AU,Victoria,,3912,3912,https://simplemaps.com/data/au-cities
Somerset,-41.05,145.8333,Australia,AU,Tasmania,,3903,3903,https://simplemaps.com/data/au-cities
Kerang,-35.7167,143.9167,Australia,AU,Victoria,,3893,3893,https://simplemaps.com/data/au-cities
Roxby Downs,-30.5625,136.8785,Australia,AU,South Australia,,3884,3671,https://simplemaps.com/data/au-cities
Smithton,-40.844,145.12,Australia,AU,Tasmania,,3881,3881,https://simplemaps.com/data/au-cities
Longford,-41.5958,147.122,Australia,AU,Tasmania,,3863,3863,https://simplemaps.com/data/au-cities
Beechworth,-36.3594,146.6869,Australia,AU,Victoria,,3859,3859,https://simplemaps.com/data/au-cities
Penguin,-41.1167,146.0708,Australia,AU,Tasmania,,3849,3849,https://simplemaps.com/data/au-cities
Anna Bay,-32.7817,152.0844,Australia,AU,New South Wales,,3846,3846,https://simplemaps.com/data/au-cities
McLaren Vale,-35.2198,138.5411,Australia,AU,South Australia,,3842,3842,https://simplemaps.com/data/au-cities
Pearcedale,-38.203,145.231,Australia,AU,Victoria,,3821,3821,https://simplemaps.com/data/au-cities
Peregian Beach,-26.481,153.096,Australia,AU,Queensland,,3791,3791,https://simplemaps.com/data/au-cities
Bellingen,-30.4483,152.9011,Australia,AU,New South Wales,,3779,3779,https://simplemaps.com/data/au-cities
Suffolk Park,-28.6983,153.6178,Australia,AU,New South Wales,,3750,3750,https://simplemaps.com/data/au-cities
Buninyong,-37.6503,143.8839,Australia,AU,Victoria,,3714,3714,https://simplemaps.com/data/au-cities
Weston,-32.8103,151.4561,Australia,AU,New South Wales,,3693,3693,https://simplemaps.com/data/au-cities
Sawtell,-30.365,153.1011,Australia,AU,New South Wales,,3682,3682,https://simplemaps.com/data/au-cities
Silverdale,-33.915,150.6094,Australia,AU,New South Wales,,3682,3682,https://simplemaps.com/data/au-cities
Bay View,-33.6592,151.2861,Australia,AU,New South Wales,,3620,3620,https://simplemaps.com/data/au-cities
Lismore,-28.8167,153.2833,Australia,AU,New South Wales,,3579,3579,https://simplemaps.com/data/au-cities
Koo-Wee-Rup,-38.198,145.489,Australia,AU,Victoria,,3579,3579,https://simplemaps.com/data/au-cities
Merimbula,-36.8983,149.9011,Australia,AU,New South Wales,,3544,3544,https://simplemaps.com/data/au-cities
Scarness,-25.2833,152.85,Australia,AU,Queensland,,3519,3519,https://simplemaps.com/data/au-cities
Lake Cathie,-31.5483,152.8511,Australia,AU,New South Wales,,3494,3494,https://simplemaps.com/data/au-cities
Condobolin,-33.065,147.1511,Australia,AU,New South Wales,,3486,3185,https://simplemaps.com/data/au-cities
Paynesville,-37.9167,147.7167,Australia,AU,Victoria,,3480,3480,https://simplemaps.com/data/au-cities
Maddingley,-37.6864,144.4336,Australia,AU,Victoria,,3453,3453,https://simplemaps.com/data/au-cities
Hurstbridge,-37.6389,145.195,Australia,AU,Victoria,,3450,3450,https://simplemaps.com/data/au-cities
Quirindi,-31.4983,150.6844,Australia,AU,New South Wales,,3444,3355,https://simplemaps.com/data/au-cities
Blayney,-33.5317,149.2511,Australia,AU,New South Wales,,3378,3378,https://simplemaps.com/data/au-cities
Camperdown,-38.236,143.145,Australia,AU,Victoria,,3369,3354,https://simplemaps.com/data/au-cities
Aldgate,-35.0153,138.736,Australia,AU,South Australia,,3361,3361,https://simplemaps.com/data/au-cities
Port Fairy,-38.384,142.235,Australia,AU,Victoria,,3340,3340,https://simplemaps.com/data/au-cities
Vincentia,-35.0758,150.6742,Australia,AU,New South Wales,,3290,3290,https://simplemaps.com/data/au-cities
Euroa,-36.75,145.567,Australia,AU,Victoria,,3275,3275,https://simplemaps.com/data/au-cities
Marcoola,-26.5833,153.083,Australia,AU,Queensland,,3173,3173,https://simplemaps.com/data/au-cities
Mullumbimby,-28.55,153.5,Australia,AU,New South Wales,,3172,3172,https://simplemaps.com/data/au-cities
Tura Beach,-36.8483,149.9261,Australia,AU,New South Wales,,3158,3158,https://simplemaps.com/data/au-cities
Eden,-37.065,149.9011,Australia,AU,New South Wales,,3151,3151,https://simplemaps.com/data/au-cities
West Wyalong,-33.9317,147.2011,Australia,AU,New South Wales,,3141,3037,https://simplemaps.com/data/au-cities
Gilgandra,-31.7067,148.6678,Australia,AU,New South Wales,,3126,2983,https://simplemaps.com/data/au-cities
Robinvale,-34.5833,142.7667,Australia,AU,Victoria,,3088,3088,https://simplemaps.com/data/au-cities
Wilton,-34.24,150.7011,Australia,AU,New South Wales,,3080,3080,https://simplemaps.com/data/au-cities
Riverview,-27.5928,152.848,Australia,AU,Queensland,,3073,3067,https://simplemaps.com/data/au-cities
Bogangar,-28.3317,153.5594,Australia,AU,New South Wales,,3060,3060,https://simplemaps.com/data/au-cities
Shoalhaven Heads,-34.85,150.7417,Australia,AU,New South Wales,,3059,3059,https://simplemaps.com/data/au-cities
Urunga,-30.4983,153.0178,Australia,AU,New South Wales,,3000,3000,https://simplemaps.com/data/au-cities
Bonny Hills,-31.5817,152.8344,Australia,AU,New South Wales,,2971,2971,https://simplemaps.com/data/au-cities
Stirling,-35.0022,138.706,Australia,AU,South Australia,,2966,2966,https://simplemaps.com/data/au-cities
Perth,-41.5731,147.1714,Australia,AU,Tasmania,,2965,2965,https://simplemaps.com/data/au-cities
Barmera,-34.25,140.4667,Australia,AU,South Australia,,2954,2884,https://simplemaps.com/data/au-cities
Kapunda,-34.3389,138.9167,Australia,AU,South Australia,,2947,2947,https://simplemaps.com/data/au-cities
Thursday Island,-10.585,142.2205,Australia,AU,Queensland,,2940,2805,https://simplemaps.com/data/au-cities
Terranora,-28.2456,153.5025,Australia,AU,New South Wales,,2926,2926,https://simplemaps.com/data/au-cities
Woori Yallock,-37.778,145.528,Australia,AU,Victoria,,2913,2913,https://simplemaps.com/data/au-cities
Saint Georges Basin,-35.13,150.6269,Australia,AU,New South Wales,,2913,2913,https://simplemaps.com/data/au-cities
Tea Gardens,-32.6272,152.17,Australia,AU,New South Wales,,2884,2884,https://simplemaps.com/data/au-cities
Culburra,-34.9347,150.7539,Australia,AU,New South Wales,,2874,2874,https://simplemaps.com/data/au-cities
Yarra Glen,-37.6489,145.3719,Australia,AU,Victoria,,2869,2869,https://simplemaps.com/data/au-cities
Beaconsfield Upper,-37.996,145.415,Australia,AU,Victoria,,2861,2861,https://simplemaps.com/data/au-cities
Deloraine,-41.5333,146.6667,Australia,AU,Tasmania,,2848,2848,https://simplemaps.com/data/au-cities
Greta,-32.6872,151.3844,Australia,AU,New South Wales,,2830,2830,https://simplemaps.com/data/au-cities
North Wonthaggi,-38.6,145.6,Australia,AU,Victoria,,2806,2806,https://simplemaps.com/data/au-cities
Howlong,-35.9667,146.6333,Australia,AU,New South Wales,,2777,2777,https://simplemaps.com/data/au-cities
Williamstown,-34.6721,138.8884,Australia,AU,South Australia,,2755,2755,https://simplemaps.com/data/au-cities
Waikerie,-34.1667,139.9833,Australia,AU,South Australia,,2684,2681,https://simplemaps.com/data/au-cities
Hill Top,-34.3525,150.4917,Australia,AU,New South Wales,,2674,2674,https://simplemaps.com/data/au-cities
Hahndorf,-35.0303,138.8076,Australia,AU,South Australia,,2670,2670,https://simplemaps.com/data/au-cities
Jindabyne,-36.415,148.6178,Australia,AU,New South Wales,,2629,2629,https://simplemaps.com/data/au-cities
Lawson,-33.7178,150.4322,Australia,AU,New South Wales,,2614,2614,https://simplemaps.com/data/au-cities
Woodside,-34.9531,138.8742,Australia,AU,South Australia,,2608,2608,https://simplemaps.com/data/au-cities
Narooma,-36.215,150.1344,Australia,AU,New South Wales,,2605,2605,https://simplemaps.com/data/au-cities
Grenfell,-33.9097,148.195,Australia,AU,New South Wales,,2573,2573,https://simplemaps.com/data/au-cities
Manilla,-30.7483,150.7178,Australia,AU,New South Wales,,2550,2386,https://simplemaps.com/data/au-cities
Daylesford,-37.35,144.15,Australia,AU,Victoria,,2548,2548,https://simplemaps.com/data/au-cities
Lobethal,-34.9,138.8667,Australia,AU,South Australia,,2527,2527,https://simplemaps.com/data/au-cities
The Oaks,-34.0817,150.5678,Australia,AU,New South Wales,,2525,2525,https://simplemaps.com/data/au-cities
Aberdare,-32.8428,151.3803,Australia,AU,New South Wales,,2473,2473,https://simplemaps.com/data/au-cities
Dodges Ferry,-42.8539,147.6194,Australia,AU,Tasmania,,2467,2467,https://simplemaps.com/data/au-cities
Launching Place,-37.7806,145.5683,Australia,AU,Victoria,,2394,2394,https://simplemaps.com/data/au-cities
Rutherglen,-36.0556,146.4625,Australia,AU,Victoria,,2378,2378,https://simplemaps.com/data/au-cities
Goolwa,-35.5,138.7667,Australia,AU,South Australia,,2350,2350,https://simplemaps.com/data/au-cities
Willunga,-35.274,138.5535,Australia,AU,South Australia,,2308,2308,https://simplemaps.com/data/au-cities
Sandy Beach,-30.1483,153.2011,Australia,AU,New South Wales,,2287,2287,https://simplemaps.com/data/au-cities
Hadspen,-41.5,147.067,Australia,AU,Tasmania,,2275,2275,https://simplemaps.com/data/au-cities
Canowindra,-33.5667,148.6667,Australia,AU,New South Wales,,2258,2258,https://simplemaps.com/data/au-cities
Freeling,-34.45,138.8,Australia,AU,South Australia,,2214,2214,https://simplemaps.com/data/au-cities
Saint Arnaud,-36.6,143.25,Australia,AU,Victoria,,2193,2193,https://simplemaps.com/data/au-cities
Baxter,-38.2,145.15,Australia,AU,Victoria,,2162,2162,https://simplemaps.com/data/au-cities
Walgett,-30.0167,148.1167,Australia,AU,New South Wales,,2145,1824,https://simplemaps.com/data/au-cities
Esperance,-33.8611,121.8919,Australia,AU,Western Australia,,2144,2080,https://simplemaps.com/data/au-cities
Yarram,-38.55,146.6667,Australia,AU,Victoria,,2135,2135,https://simplemaps.com/data/au-cities
Heddon Greta,-32.8019,151.5133,Australia,AU,New South Wales,,2047,2047,https://simplemaps.com/data/au-cities
Freshwater,-16.8833,145.717,Australia,AU,Queensland,,2023,2023,https://simplemaps.com/data/au-cities
Bangalow,-28.6817,153.5178,Australia,AU,New South Wales,,2021,2021,https://simplemaps.com/data/au-cities
Orbost,-37.7,148.45,Australia,AU,Victoria,,2014,2014,https://simplemaps.com/data/au-cities
Westbury,-41.5167,146.85,Australia,AU,Tasmania,,2006,2006,https://simplemaps.com/data/au-cities
Lyndoch,-34.6037,138.8866,Australia,AU,South Australia,,2000,2000,https://simplemaps.com/data/au-cities
Camden Haven,-31.6483,152.8011,Australia,AU,New South Wales,,1986,1986,https://simplemaps.com/data/au-cities
Wallerawang,-33.4067,150.0678,Australia,AU,New South Wales,,1980,1980,https://simplemaps.com/data/au-cities
Wattleglen,-37.6667,145.1833,Australia,AU,Victoria,,1961,1911,https://simplemaps.com/data/au-cities
Bourke,-30.1,145.9333,Australia,AU,New South Wales,,1909,1699,https://simplemaps.com/data/au-cities
Mulwala,-35.9817,146.0011,Australia,AU,New South Wales,,1904,1904,https://simplemaps.com/data/au-cities
Windsor,-33.6114,150.8133,Australia,AU,New South Wales,,1891,1891,https://simplemaps.com/data/au-cities
Nathalia,-36.0583,145.204,Australia,AU,Victoria,,1880,1880,https://simplemaps.com/data/au-cities
Oakdale,-34.0817,150.5011,Australia,AU,New South Wales,,1843,1843,https://simplemaps.com/data/au-cities
Cobden,-38.329,143.071,Australia,AU,Victoria,,1839,1804,https://simplemaps.com/data/au-cities
Queenstown,-42.0667,145.55,Australia,AU,Tasmania,,1790,1790,https://simplemaps.com/data/au-cities
Denman,-32.3817,150.6844,Australia,AU,New South Wales,,1789,1789,https://simplemaps.com/data/au-cities
Batehaven,-35.7317,150.2011,Australia,AU,New South Wales,,1776,1776,https://simplemaps.com/data/au-cities
Brunswick Heads,-28.5586,153.5447,Australia,AU,New South Wales,,1737,1737,https://simplemaps.com/data/au-cities
Tathra,-36.7317,149.9844,Australia,AU,New South Wales,,1675,1527,https://simplemaps.com/data/au-cities
Yarragon,-38.2,146.067,Australia,AU,Victoria,,1650,1650,https://simplemaps.com/data/au-cities
Yaroomba,-26.55,153.1,Australia,AU,Queensland,,1623,1623,https://simplemaps.com/data/au-cities
Curlewis,-38.1833,144.5,Australia,AU,Victoria,,1551,1551,https://simplemaps.com/data/au-cities
Yallourn North,-38.1667,146.367,Australia,AU,Victoria,,1545,1511,https://simplemaps.com/data/au-cities
Drummond Cove,-28.673,114.613,Australia,AU,Western Australia,,1477,1477,https://simplemaps.com/data/au-cities
Surfside,-35.695,150.1997,Australia,AU,New South Wales,,1371,1371,https://simplemaps.com/data/au-cities
Evandale,-41.5833,147.2333,Australia,AU,Tasmania,,1345,1265,https://simplemaps.com/data/au-cities
Kurrajong Heights,-33.55,150.6667,Australia,AU,New South Wales,,1342,1255,https://simplemaps.com/data/au-cities
Seven Mile Beach,-42.8586,147.5053,Australia,AU,Tasmania,,1286,1286,https://simplemaps.com/data/au-cities
San Remo,-38.5167,145.3667,Australia,AU,Victoria,,1254,1254,https://simplemaps.com/data/au-cities
Valley Heights,-33.7,150.5833,Australia,AU,New South Wales,,1211,1188,https://simplemaps.com/data/au-cities
Greenwell Point,-34.915,150.7344,Australia,AU,New South Wales,,1209,1209,https://simplemaps.com/data/au-cities
Innisfail,-17.5238,146.0311,Australia,AU,Queensland,,1145,1091,https://simplemaps.com/data/au-cities
Wahgunyah,-36,146.3833,Australia,AU,Victoria,,1098,1061,https://simplemaps.com/data/au-cities
Tinonee,-31.9483,152.4178,Australia,AU,New South Wales,,1092,1092,https://simplemaps.com/data/au-cities
Mollymook,-35.3372,150.4667,Australia,AU,New South Wales,,1083,1083,https://simplemaps.com/data/au-cities
